ENTRADA / RADICADO,ÁREA RESPONSABLE,ASUNTO
1050001-2025-0525,DRM_DABA,ANÁLISIS DE CAUSAS Y PLANES DE MEJORAMIENTO AUDITORÍA 2. MPMA - SERVICIO  ACUEDUCTO
1360001-2026-296,DRMA,RESPUESTA MEMORANDO INTERNO 2541001-2026-0836 IMPUESTO TIMBRE NEMA INGENIERIA  SAS
1360001-2026-356,DRMA,IMPUESTO DE TIMBRE CONTRATO DE OBRA NO. 1-01-25400-1630-2024 NEMA INGENIERIA SAS
15300-2026-0997,DRMA,REMISIÓN PAGO CONCILIACIÓN PARCIAL 11001333603320240002700 CONSORCIO INTERVENTORES  2018
1190001-2026-0899,DRMA,ACTA DE LIQUIDACIÓN CONTRATO DE COMPRAVENTA NO. 2-10-25400-1528-2025 AVISO SAP  NO. 700068351 Y NO. ORDEN 8400082515.
E-2026-073630 E-2026-073933,DRMA,"INVITACION SESION MIERCOLES 15 DE JULIO DE 2026 SEGUIMIENTO A LOS COMPROMISOS ADQUIRIDOS POR LAS ENTIDADES EN LA SESIONES DE NOV 12 DE 2020, MAYO 11 Y JUNIO 21 DE 2021, FEBRERO 7 DE 2022, MARZO 9 DE 2023, FEBRERO 13 Y NOVIEMBRE 11 DE 2025 SOBRE EL …"
1530001-2026-1053,DRMA,REQUERIMIENTO PRONUNCIAMIENTO Y REMISIÓN DE PRUEBAS PARA CONTESTACIÓN DE DEMANDA  PRESENTADA POR LA ASEGURADORA ZURICH EN CONTRA DE LA EAAB ESP (ANTECEDENTE RADICACIÓN  E-2026-152012 (NO. 040) - IUC I-2026-4304614
3050001-2026-1761,DRMA,SOLICITUD APROBACIÓN Y FIRMA DEL PLAN DE EMERGENCIA Y CONTINGENCIA POR SISMO EN EL  SISTEMA DE ACUEDUCTO.
1530001-2026-1060,DRMA,SOLICITA INFORMACIÓN PROCESO IBERVÍAS INGENIEROS S.L.
1190001-2026-0758,DRMA,"ACTA DE LIQUIDACIÓN CONTRATO DE INTERVENTORÍA NO. 1-15-25400-1535-2022, AVISO SAP NO. 700068099 Y ORDEN NO. 8400082358"
E-2026-061137,DRMA,ENVIO DOCUMENTO SECRETARIA DISTRITAL DE AMBIENTE RADICADO NO. 2026EE106696
E-2026-060473,DRMA,PRESENTACIÓN OFICIAL DE HYDRANET PRO: INNOVACIÓN EN MODELACIÓN DE REDES DE ACUEDUCTO CON IA Y SIG
1190001-2026-0786,DRMA,"ACTA DE LIQUIDACIÓN CONTRATO DE OBRA NO. 1-01-25400-1595-2023, AVISO SAP NO. 700068006 Y NO. DE ORDEN 8400082334"
2410001-2026-0502,DRMA,SOLICITUD DE INFORMACIÓN DE TANQUES ALMACENAMIENTO EN ÁREAS DE RIESGO POR INCENDIO  FORESTAL RADICADO N° E-2026-064856
1190001-2026-0859,DRMA,"ACTA DE LIQUIDACIÓN CONTRATO DE CONSULTORÍA NO 2-02-25400-1719-2024, AVISO SAP NO.  700068190 NO. ORDEN 8400082444"
1520001-2026-154,DRMA,MEMORANDO INTERNO N° 2541001-2026-1318 DE FECHA OCHO (8) DE MAYO DE 2026 CONTRATO DE OBRA CIVIL N° 1-01-25400-0236-2024 OBJETO: “CONSTRUCCIÓN  NUEVO TANQUE QUINDIO Y OBRAS COMPLEMENTARIAS” CONTRATISTA: CONSORCIO HIDROECO 1647 AVISO SAP Nº 70068065
2631001-2026-0141,DRMA,ALCANCE DE RENOVACIÓN ELECTROMECÁNICA DE LA ESTACIÓN DE BOMBEO SAN DIEGO Y  GESTIÓN DE LA DRMA PARA CONEXIÓN QUE PERMITA OPERACIÓN E INTERCONEXIÓN A LAS  EB PARQUE NACIONAL Y LOURDES.
1530001-2026-0949,DRMA,RESPUESTA AL MEMORANDO INTERNO 2541001-2024-2308.
1190001-2026-0891,DRMA,"DEVOLUCIÓN INFORME DE GESTIÓN Y FINANCIERO CONTRATO DE PRESTACIÓN DE SERVICIOS NO 2-05- 25400-1116-2023, AVISO SAP NO. 700068281 NO. ORDEN 840008248"
252001-2026-00747,DRMA,ENTREGA ESTADO ACTUAL DE GESTIÓN PREDIAL PARA DIEZ (10) PROYECTOS DE LA DRM.
1310001-2026-0064,DRMA,RESPUESTA MEMORANDO INTERNO 2541001-2026-0871 - CONTRATO DE OBRA NO. 1-01-25400- 1499-2019 “CONSTRUCCIÓN DEL SISTEMA DE ACUEDUCTO LA VEREDITA EN SOACHA” SOLICITUD DE IDENTIFICACIÓN Y VALORACIÓN DE PERJUICIOS FINANCIEROS CAUSADOS POR EL INCUMPLIMIENTO DEL CONTRATO DE OBRA NO. 1-01-25400- 1499-2019
3010001-2026-0148,DRMA,"RESPUESTA MEMORANDO INTERNO 2541001-2025-4234, SEGUNDA VERSIÓN INFORME Y RESPUESTA  COMUNICACIÓN 15200-2025-0377– ESTIMACIÓN DE LA CAPACIDAD EXCEDENTARIA DE LOS  SISTEMAS DE PRODUCCIÓN Y TRANSPORTE PARA EL SUMINISTRO DE AGUA MUNICIPIOS VECINOS."
E-2026-030008,DRMA,RADICADO NO. 001138038 DEL 11 DE MARZO DE 2026
2620001-2026-DIE-148,DRMA,DISCUSIÓN ANTEPROYECTO DE MODIFICACIÓN ESPECIFICACIÓN TÉCNICA ES-901 “SUMINISTROS DE  VÁLVULAS Y ACCESORIOS PARA REDES Y ACOMETIDAS DE ACUEDUCTO”.
15300-2026-24,DRM_DABA_DBR,SOLICITUD INFORMACIÓN PARA CUMPLIMIENTO DEL REQUERIMIENTO FORMULADO DENTRO DE ACCIÓN POPULAR DE RÍO BOGOTÁ 250002315-000-2001-00479-02 – AUTO 3066.
1360001-2026-278,DBR_DRT_DRM,CARTERA IMPUESTO DE TIMBRE AÑO 2026
1210001-2026-0095,DRT_DABA_DRM,CONTROL SUI ABRIL 2026
1360001-2026-354,DBR_DRT_DRM,CARTERA IMPUESTO DE TIMBRE AÑO 2026
E-2026-070342,DRM_METRO,"CONCILIACION EXTRAJUDICIAL - REPARACION DIRECTA  REFERENCIA: SOLICITUD DE CONCILIACIÓN DE LILIANA YINET GUZMAN ARAGON Y OTROS, CON LA  EMPRESA DE ACUEDUCTO Y ALCANTARRILLADO DE BOGOTA – ESP - CONSTRUCTORA  OBRASCOL S.A.S - PROYECTOS CIVILES E HIDRAULICOS S.A.S - INTEGRANTES DEL CONSORCIO  REDES BTA."
3131003-2026-068,DRM_DABA,"SOLICITUD CONCEPTO PARA PRESTACIÓN DEL SERVICIO DE ACUEDUCTO PREDIO PROYECTO ARIAL – SOPÓ (FIDEICOMISO ZOL SOPO) / SUELO RURAL MUNICIPIO DE SOPÓ, CUNDINAMARCA /  RADICADO E-2026-068338"
3050001-2026-1766,DRM_DABA,SOLICITUD ACTUALIZACIÓN DEL EMERGENCIA Y CONTINGENCIA FALLA O DAÑO EN EL SISTEMA
E-2026-075979,DRM_METRO,CRB-ADM-2308-2026 - RESPUESTA AL COMUNICADO NO. 2541001-S-2026-176697 / 2541001-2026-1517 DEL 26 DE MAYO DE 2026
1190001-2026-0873,DIRECCIONES_GERENCIA,ESTADO DE PLAN ANUAL DE CONTRATACIÓN Y COMPRAS VIGENCIA 2026
2631001-2026-0143,DIRECCIONES,MANTENIMIENTO MAQUINARIA PESADA Y ESPECIALIZADA
3050001-2026-0597,DRM_DABA,ACTUALIZACIÓN PLANES DE EMERGENCIA Y CONTINGENCIA POR ESCASEZ DE AGUA Y DETERIORO  CALIDAD DE AGUA 2026 Y DESIGNACIÓN DE RESPONSABLES.
